,Unnamed: 0,id,ein,name,careofname,address,city,state,zipcode,subsection_code,affiliation_code,classification_codes,ruling_date,deductibility_code,foundation_code,activity_codes,organization_code,exempt_organization_status_code,tax_period,asset_code,income_code,filing_requirement_code,pf_filing_requirement_code,accounting_period,asset_amount,income_amount,revenue_amount,ntee_code,sort_name,created_at,updated_at,data_source,have_extracts,have_pdfs,full_address,lat,lon
1,0,465301464,465301464,BALTIMORE PLAYHOUSE,% ROBERT JOHNSON,3010 WASHINGTON BLVD,BALTIMORE,MD,21230,7,3,1000,7/1/2014,2,0,0,1,1,12/1/2021,3,3,1,0,12,34152,55575,55575,Z99,,2023-01-17T16:23:29.515Z,2023-01-17T16:23:29.515Z,,,,"3010 WASHINGTON BLVD, BALTIMORE, MD 21230-1026",39.2600539,-76.66103772
5,0,814696688,814696688,BALTIMORE CONNECT,% LEON PURNELL,624 N BROADWAY,BALTIMORE,MD,21205,3,3,1000,3/1/2017,1,16,0,1,1,12/1/2021,4,4,1,0,12,176906,114807,114807,P99,,2023-01-17T16:26:25.604Z,2023-01-17T16:26:25.604Z,,,,"624 N BROADWAY, BALTIMORE, MD 21205-1900",39.29762278,-76.59448033
6,0,472983353,472983353,CAMERATA BALTIMORE,,6156 GREEN MEADOW PKWY APT B,BALTIMORE,MD,21209,3,3,2000,4/1/2017,1,16,0,1,1,1/1/2022,0,0,2,0,1,0,0,0,A6B,,2023-01-17T16:23:50.273Z,2023-01-17T16:23:50.273Z,,,,"6156 GREEN MEADOW PKWY APT B, BALTIMORE, MD 21209-3347",N/A,N/A
8,0,872886878,872886878,BALTIMORE COURTWATCH,,1014 W 36TH ST,BALTIMORE,MD,21211,3,3,1280,4/1/2022,1,15,0,1,1,12/1/2021,0,0,2,0,12,0,0,0,I50,,2023-01-17T16:27:55.315Z,2023-01-17T16:27:55.315Z,,,,"1014 W 36TH ST, BALTIMORE, MD 21211-2415",39.33124,-76.6335291
11,0,461066224,461066224,BALTIMORE MOOS,% SHERI BRANDENBURG COBB,PO BOX 35042,BALTIMORE,MD,21222,3,3,1000,11/1/2013,1,16,0,5,1,3/1/2022,0,0,2,0,3,0,0,0,P12,,2023-01-17T16:23:08.085Z,2023-01-17T16:23:08.085Z,,,,"PO BOX 35042, BALTIMORE, MD 21222-7042",N/A,N/A
12,0,200704259,200704259,BALTIMORE REVIEW,% SUSAN MUADDI DARRAJ,6514 MAPLEWOOD RD,BALTIMORE,MD,21212,3,3,3000,11/1/2004,1,16,0,1,1,12/1/2021,0,0,2,0,12,0,0,0,A33,,2023-01-17T16:17:00.647Z,2023-01-17T16:17:00.647Z,,,,"6514 MAPLEWOOD RD, BALTIMORE, MD 21212-2008",39.3759824,-76.59853762
15,0,813819911,813819911,JOY BALTIMORE,,2653,BALTIMORE,MD,21218,3,3,1000,5/1/2017,1,16,0,1,1,12/1/2021,0,0,2,0,12,0,0,0,L99,,2023-01-17T16:26:21.357Z,2023-01-17T16:26:21.357Z,,,,"2653, BALTIMORE, MD 21218-0000",39.6662128,-76.73963442
18,0,521409133,521409133,BALTIMORE CLAYWORKS INC,,5707 SMITH AVE,BALTIMORE,MD,21209,3,3,1200,2/1/1986,1,16,149091000,1,1,12/1/2021,6,6,1,0,12,2982391,1164691,1163286,A400,,2023-01-17T16:24:22.961Z,2023-01-17T16:24:22.961Z,,,,"5707 SMITH AVE, BALTIMORE, MD 21209-3609",39.3681698,-76.6532727
19,0,522238264,522238264,BALTIMORE COMMANDMENT CHURCH,,115 N PATTERSON PARK AVE,BALTIMORE,MD,21231,3,3,7000,11/1/2001,1,10,0,1,1,12/1/2017,4,3,6,0,12,243293,26305,26305,X21,,2023-01-17T16:24:33.557Z,2023-01-17T16:24:33.557Z,,,,"115 N PATTERSON PARK AVE, BALTIMORE, MD 21231-1659",39.29346645,-76.5845668
20,0,853416591,853416591,BALTIMORE ELITE INC,,100 HELEN AVE,BALTIMORE,OH,43105,3,3,1000,1/1/2021,1,16,0,1,1,9/1/2021,0,0,2,0,9,0,0,0,N11,,2023-01-17T16:27:37.521Z,2023-01-17T16:27:37.521Z,,,,"100 HELEN AVE, BALTIMORE, OH 43105-9773",39.840104,-82.604873
28,0,522085844,522085844,BALTIMORE TEACHER NETWORK,% ERIC RICE,940 MADISON AVE SUITE L1,BALTIMORE,MD,21201,3,3,2000,10/1/1998,1,15,994120000,1,1,6/1/2021,5,7,1,0,6,946016,9867724,9863712,A33,,2023-01-17T16:24:31.954Z,2023-01-17T16:24:31.954Z,,,,"940 MADISON AVE SUITE L1, BALTIMORE, MD 21201-2113",N/A,N/A
29,0,521420138,521420138,BLUE WATER BALTIMORE,,2631 SISSON ST,BALTIMORE,MD,21211,3,3,1000,8/1/1994,1,16,351000000,1,1,12/1/2021,6,6,1,0,12,1955716,2742397,2552137,C013,,2023-01-17T16:24:23.048Z,2023-01-17T16:24:23.048Z,,,,"2631 SISSON ST, BALTIMORE, MD 21211-3119",39.3182365,-76.6240602
31,0,522122068,522122068,IMPACT BALTIMORE INC,,945 E 30TH ST,BALTIMORE,MD,21218,3,3,1000,2/1/1999,1,15,0,1,1,12/1/2021,2,2,2,0,12,17293,16518,16518,S22,,2023-01-17T16:24:32.383Z,2023-01-17T16:24:32.383Z,,,,"945 E 30TH ST, BALTIMORE, MD 21218-4214",39.3229127,-76.60423525
33,0,383888146,383888146,POE BALTIMORE INC,% KRISTEN L HARBESON DIRECTOR,PO BOX 23773,BALTIMORE,MD,21203,3,3,1200,7/1/2013,1,15,0,1,1,12/1/2021,4,4,1,0,12,243286,227170,200538,A50,,2023-01-17T16:21:47.152Z,2023-01-17T16:21:47.152Z,,,,"PO BOX 23773, BALTIMORE, MD 21203-5773",N/A,N/A
35,0,262909125,262909125,REACH BALTIMORE INC,% CARLTON G EPPS SR,2701 ST LO DRIVE,BALTIMORE,MD,21213,3,3,2000,2/1/2011,1,11,0,1,1,6/1/2021,2,7,1,0,6,23671,6674977,6674977,B29,REACH PARTNERSHIP,2023-01-17T16:19:10.111Z,2023-01-17T16:19:10.111Z,,,,"2701 ST LO DRIVE, BALTIMORE, MD 21213-1100",39.32251485,-76.58285162
36,0,844366851,844366851,RECONCILE BALTIMORE INC,% DENISE DUVAL,1809 DIXON RD,BALTIMORE,MD,21209,3,3,1000,6/1/2020,1,15,0,1,1,12/1/2021,0,0,2,0,12,0,0,0,R30,,2023-01-17T16:27:23.353Z,2023-01-17T16:27:23.353Z,,,,"1809 DIXON RD, BALTIMORE, MD 21209-3505",39.3696192,-76.65895486
40,0,202620970,202620970,BALTIMORE ACADEMIES INC,%,540 N CAROLINE ST,BALTIMORE,MD,21205,3,3,2000,5/1/2006,1,15,0,1,1,6/1/2020,3,3,2,0,6,33722,34192,34192,B112,NAF HIGH SCHOOL,2023-01-17T16:17:08.804Z,2023-01-17T16:17:08.804Z,,,,"540 N CAROLINE ST, BALTIMORE, MD 21205-1808",39.29680945,-76.59839911
41,0,871953122,871953122,BALTIMORE BEAT INC,% BRANDON SODERBERG,2209 MARYLAND AVE,BALTIMORE,MD,21218,3,3,2000,2/1/2022,1,15,0,1,1,12/1/2021,4,4,1,0,12,224056,400112,400112,A30,BALTIMORE BEAT,2023-01-17T16:27:52.704Z,2023-01-17T16:27:52.704Z,,,,"2209 MARYLAND AVE, BALTIMORE, MD 21218-5627",39.314631,-76.61779585
42,0,208139136,208139136,BALTIMORE CARES INCORPORATED,% MICHAEL K DOUGLAS,1303 KENT AVE,BALTIMORE,MD,21207,3,3,1000,6/1/2007,1,15,0,1,1,6/1/2022,4,5,1,0,6,200884,527720,527720,B90,,2023-01-17T16:17:23.569Z,2023-01-17T16:17:23.569Z,,,,"1303 KENT AVE, BALTIMORE, MD 21207-4828",39.29968985,-76.72888953
44,0,208935495,208935495,BALTIMORE DOWNTOWN RESTORATIONCOMMITTEE,% STEVEN COTHREL,PO BOX 74,BALTIMORE,OH,43105,3,3,1000,9/1/2013,1,15,0,1,1,12/1/2021,0,0,2,0,12,0,0,0,S31,,2023-01-17T16:17:27.403Z,2023-01-17T16:17:27.403Z,,,,"PO BOX 74, BALTIMORE, OH 43105-0074",N/A,N/A
45,0,271043530,271043530,BALTIMORE HONEY INC,% MILDRED A THOMAS,2054 DRUID PARK DR,BALTIMORE,MD,21211,3,3,2000,3/1/2011,1,15,0,1,1,12/1/2018,0,0,2,0,12,0,0,0,D20,,2022-07-18T15:42:27.861Z,2022-07-18T15:42:27.861Z,pre_2022_08_11,,,"2054 DRUID PARK DR, BALTIMORE, MD 21211-1409",39.3325391,-76.64713877
51,0,521319713,521319713,BALTIMORE THEATRE PROJECT,,45 W PRESTON ST,BALTIMORE,MD,21201,3,3,1000,4/1/1980,1,15,0,1,1,6/1/2022,4,4,1,0,6,252603,258277,258277,A65Z,,2023-01-17T16:24:21.680Z,2023-01-17T16:24:21.680Z,,,,"45 W PRESTON ST, BALTIMORE, MD 21201-5717",39.3042745,-76.6182366
60,0,873587967,873587967,QSS BALTIMORE INC,,3901 PARK HEIGHTS AVE,BALTIMORE,MD,21215,3,3,1000,2/1/2022,1,16,0,1,1,12/1/2021,0,0,2,0,12,0,0,0,P20,,2023-01-17T16:27:57.256Z,2023-01-17T16:27:57.256Z,,,,"3901 PARK HEIGHTS AVE, BALTIMORE, MD 21215-7013",39.33361965,-76.66148071
62,0,900417081,900417081,1 BALTIMORE INC,,215 RODGERS FORGE RD APT B,BALTIMORE,MD,21212,3,3,1000,4/1/2009,1,15,0,1,1,12/1/2021,0,0,2,0,12,0,0,0,P20,,2023-01-17T16:28:08.457Z,2023-01-17T16:28:08.457Z,,,,"215 RODGERS FORGE RD APT B, BALTIMORE, MD 21212-1318",N/A,N/A
63,0,831387337,831387337,A STRONGER BALTIMORE,% JOHN A CRAWLEY,112 N DALLAS ST,BALTIMORE,MD,21231,3,3,1000,12/1/2018,1,16,0,1,1,12/1/2020,1,1,2,0,12,5404,5500,5500,S31,,2023-01-17T16:26:53.878Z,2023-01-17T16:26:53.878Z,,,,"112 N DALLAS ST, BALTIMORE, MD 21231-1041",39.29269715,-76.59668374
65,0,823221170,823221170,AKELA BALTIMORE INC,,3536 GREENMOUNT AVE,BALTIMORE,MD,21218,3,3,2000,12/1/2017,1,16,0,1,1,12/1/2018,0,0,2,0,12,0,0,0,S20,,2022-07-18T15:47:58.393Z,2022-07-18T15:47:58.393Z,pre_2022_08_11,,,"3536 GREENMOUNT AVE, BALTIMORE, MD 21218-2508",39.3321909,-76.60979296
66,0,464699877,464699877,BALTIMORE ABORTION FUND,% DIANA PHILIP,1323 N CALVERT ST STE A,BALTIMORE,MD,21202,3,3,1000,8/1/2014,1,15,0,1,1,12/1/2021,5,5,1,0,12,688911,611359,611359,E12,,2023-01-17T16:23:25.974Z,2023-01-17T16:23:25.974Z,,,,"1323 N CALVERT ST STE A, BALTIMORE, MD 21202-3974",N/A,N/A
67,0,522229194,522229194,BALTIMORE ALKIDO INC,,1750 UNION AVE STE C,BALTIMORE,MD,21211,3,3,1000,7/1/2014,1,3,0,1,1,12/1/2021,2,3,0,1,12,19328,40864,,N99,,2023-01-17T16:24:33.469Z,2023-01-17T16:24:33.469Z,,,,"1750 UNION AVE STE C, BALTIMORE, MD 21211-1407",N/A,N/A
68,0,264255486,264255486,BALTIMORE ANNEX THEATRE,% FREDERICK GERRIETS,219 PARK AVE,BALTIMORE,MD,21201,3,3,2100,5/1/2010,1,15,0,1,1,3/1/2017,0,0,2,0,3,0,0,0,A65,,2020-09-16T02:14:14.705Z,2020-09-16T02:14:14.705Z,pre_2020_11_18,,,"219 PARK AVE, BALTIMORE, MD 21201-3513",39.2924017,-76.61784901
70,0,371979746,371979746,BALTIMORE CAUSE INC,% CHRISTINA RAMSEY,PO BOX 13435,BALTIMORE,MD,21203,3,3,1000,2/1/2021,1,16,0,1,1,12/1/2021,0,0,2,0,12,0,0,0,R12,,2023-01-17T16:21:20.743Z,2023-01-17T16:21:20.743Z,,,,"PO BOX 13435, BALTIMORE, MD 21203-3435",N/A,N/A
72,0,454445468,454445468,BALTIMORE DOCKERS AFC,% ANDREW PIKE,223 S BOULDIN ST,BALTIMORE,MD,21224,3,3,1200,10/1/2014,1,16,0,1,1,12/1/2021,0,0,2,0,12,0,0,0,N70,,2023-01-17T16:22:59.579Z,2023-01-17T16:22:59.579Z,,,,"223 S BOULDIN ST, BALTIMORE, MD 21224-2316",39.28914825,-76.57073536
73,0,205060077,205060077,BALTIMORE EDUCATIONAL ENRICHMENTINC,% YUSEF SHABAZZ,2841 CHESTERFIELD AVE,BALTIMORE,MD,21213,3,3,2000,10/1/2006,1,15,0,1,1,6/1/2021,0,0,2,0,6,0,0,0,O50,,2023-01-17T16:17:17.948Z,2023-01-17T16:17:17.948Z,,,,"2841 CHESTERFIELD AVE, BALTIMORE, MD 21213-1201",39.3255196,-76.57079991
74,0,822350770,822350770,BALTIMORE HOMECOMING INC,% CONTINENTAL REALTY CORPORATION,1427 CLARKVIEW RD STE 500,BALTIMORE,MD,21209,3,3,1000,10/1/2017,1,15,0,1,1,12/1/2021,4,5,1,0,12,202958,592692,592692,S30,,2023-01-17T16:26:36.685Z,2023-01-17T16:26:36.685Z,,,,"1427 CLARKVIEW RD STE 500, BALTIMORE, MD 21209-0016",N/A,N/A
75,0,520785878,520785878,BALTIMORE KICKERS INCORPORATED,,4810 GUNTHER AVE,BALTIMORE,MD,21206,4,3,1000,8/1/1982,2,0,298319317,1,1,12/1/2021,5,3,2,0,12,826780,47644,33802,,,2023-01-17T16:24:15.369Z,2023-01-17T16:24:15.369Z,,,,"4810 GUNTHER AVE, BALTIMORE, MD 21206-6741",39.3255586,-76.552929
76,0,833729738,833729738,BALTIMORE SAFE HAVEN,% IYA DAMMONS,416 N MONTFORD AVE,BALTIMORE,MD,21224,3,3,1200,4/1/2019,1,15,0,1,1,12/1/2020,4,5,1,0,12,335131,599645,599645,P20,,2023-01-17T16:27:05.049Z,2023-01-17T16:27:05.049Z,,,,"416 N MONTFORD AVE, BALTIMORE, MD 21224-1017",39.29618985,-76.5837778
77,0,471551141,471551141,BALTIMORE STEAM INC,% JOSEPH L MORALES,1001 W PRATT ST,BALTIMORE,MD,21223,3,3,2000,7/1/2015,1,16,0,1,1,12/1/2020,0,0,2,0,12,0,0,0,B80,,2023-01-17T16:23:41.834Z,2023-01-17T16:23:41.834Z,,,,"1001 W PRATT ST, BALTIMORE, MD 21223-2679",39.2855555,-76.63445833
78,0,824025419,824025419,BRO CODE BALTIMORE,% JAMAIS E BURTS,231 S LOUDON AVE,BALTIMORE,MD,21229,3,3,1200,6/1/2018,1,16,0,1,1,12/1/2019,0,0,2,0,12,0,0,0,O50,,2023-01-17T16:26:44.352Z,2023-01-17T16:26:44.352Z,,,,"231 S LOUDON AVE, BALTIMORE, MD 21229-3629",39.28275975,-76.68174501
82,0,814999026,814999026,SYNERGY BALTIMORE INC,,4602 DENVIEW WAY,BALTIMORE,MD,21206,3,3,1000,2/1/2017,1,15,0,1,1,12/1/2021,0,0,2,0,12,0,0,0,R11,,2023-01-17T16:26:27.143Z,2023-01-17T16:26:27.143Z,,,,"4602 DENVIEW WAY, BALTIMORE, MD 21206-3576",39.32055955,-76.5363707
87,0,274457992,274457992,BALTIMORE BULLY CREW,,PO BOX 10289,BALTIMORE,MD,21234,3,3,1000,9/1/2011,1,15,0,1,1,12/1/2019,1,1,2,0,12,6594,91,91,P20,,2023-01-17T16:19:35.008Z,2023-01-17T16:19:35.008Z,,,,"PO BOX 10289, BALTIMORE, MD 21234-0289",N/A,N/A
90,0,813631171,813631171,BALTIMORE FILMMAKERS COLLECTIVE,,3206 N HILTON ST,BALTIMORE,MD,21216,3,3,1000,2/1/2017,1,15,0,1,1,6/1/2022,0,0,2,0,6,0,0,0,A31,,2023-01-17T16:26:20.547Z,2023-01-17T16:26:20.547Z,,,,"3206 N HILTON ST, BALTIMORE, MD 21216-1431",39.3231302,-76.67240438
95,0,520906413,520906413,EAST BALTIMORE COMMUNITY,,301 N GAY STREET,BALTIMORE,MD,21202,3,3,1000,7/1/1977,1,16,402000000,1,1,6/1/2019,5,6,1,0,6,621932,1473020,1473020,S200,,2023-01-17T16:24:16.605Z,2023-01-17T16:24:16.605Z,,,,"301 N GAY STREET, BALTIMORE, MD 21202-4831",39.29321435,-76.60765784
104,0,833664213,833664213,BALTIMORE BOLTS INC,% TRACY SHARON BRACKETT,1419 BENJAMIN ST,BALTIMORE,MD,21230,3,3,2000,8/1/2019,1,16,0,1,1,12/1/2021,0,0,2,0,12,0,0,0,O50,,2023-01-17T16:27:04.435Z,2023-01-17T16:27:04.435Z,,,,"1419 BENJAMIN ST, BALTIMORE, MD 21230-5366",39.2681884,-76.58871514
106,0,274605649,274605649,BALTIMORE GREEN MAP,,PO BOX 16244,BALTIMORE,MD,21210,3,3,2000,7/1/2012,1,15,0,1,1,12/1/2021,0,0,2,0,12,0,0,0,C30,,2023-01-17T16:19:35.698Z,2023-01-17T16:19:35.698Z,,,,"PO BOX 16244, BALTIMORE, MD 21210-0244",N/A,N/A
107,0,520803045,520803045,BALTIMORE HERITAGE INCORPORATED,,100 N CHARLES ST STE P101,BALTIMORE,MD,21201,3,3,1000,9/1/1964,1,15,62000000,1,1,12/1/2021,5,4,1,0,12,853852,490804,490804,,,2023-01-17T16:24:15.677Z,2023-01-17T16:24:15.677Z,,,,"100 N CHARLES ST STE P101, BALTIMORE, MD 21201-3839",N/A,N/A
108,0,272336062,272336062,BALTIMORE INDUSTRIAL GROUP,% C STEINWEG INC,1210 WALLACE STREET,BALTIMORE,MD,21230,6,3,1000,2/1/2011,2,0,0,1,1,12/1/2021,0,0,2,0,12,0,0,0,S46,,2023-01-17T16:19:26.290Z,2023-01-17T16:19:26.290Z,,,,"1210 WALLACE STREET, BALTIMORE, MD 21230-0000",39.26630506,-76.58320322
109,0,522186976,522186976,BALTIMORE MANDOLIN ORCHESTRA,% CHARLES LEVIN,8423 HALLMARK CIR,BALTIMORE,MD,21234,3,3,1000,2/1/2002,1,15,0,1,1,12/1/2021,0,0,2,0,12,0,0,0,A69,,2023-01-17T16:24:33.018Z,2023-01-17T16:24:33.018Z,,,,"8423 HALLMARK CIR, BALTIMORE, MD 21234-4821",39.3735102,-76.5243685
110,0,520743353,520743353,BALTIMORE NEIGHBORHOODS INC,,2217 SAINT PAUL ST,BALTIMORE,MD,21218,3,3,1200,7/1/1961,1,15,430402059,1,1,6/1/2018,4,5,1,0,6,138100,661853,661207,L00K,,2022-02-10T16:08:02.117Z,2022-02-10T16:08:02.117Z,pre_2022_03_18,,,"2217 SAINT PAUL ST, BALTIMORE, MD 21218-5974",39.31482235,-76.61492756
111,0,270558518,270558518,BALTIMORE NODE CORPORATION,% ADAM BACHMAN,2106 LOVEGROVE ST,BALTIMORE,MD,21218,3,3,2800,2/1/2015,1,16,0,1,1,12/1/2021,0,0,2,0,12,0,0,0,U99,,2023-01-17T16:19:20.230Z,2023-01-17T16:19:20.230Z,,,,"2106 LOVEGROVE ST, BALTIMORE, MD 21218-5700",39.31367705,-76.61604722
112,0,452946304,452946304,BALTIMORE TORAH SCHOOL,% JAY TAFFEL,3913 PINKNEY RD,BALTIMORE,MD,21215,3,3,2000,6/1/2016,1,11,0,1,1,6/1/2021,5,5,1,0,6,623004,624518,620180,B24,,2023-01-17T16:22:54.483Z,2023-01-17T16:22:54.483Z,,,,"3913 PINKNEY RD, BALTIMORE, MD 21215-3416",39.3541363,-76.69524799
113,0,520591585,520591585,BALTIMORE URBAN LEAGUE,,512 ORCHARD ST,BALTIMORE,MD,21201,3,3,1200,11/1/1950,1,15,59000000,1,1,6/1/2021,6,6,1,0,6,1906867,1033110,1001685,P22Z,,2023-01-17T16:24:14.137Z,2023-01-17T16:24:14.137Z,,,,"512 ORCHARD ST, BALTIMORE, MD 21201-1947",39.2976034,-76.6240836
115,0,821752841,821752841,DRIFTERS BALTIMORE CHAPTER,,PO BOX 5358,BALTIMORE,MD,21209,3,3,1000,8/1/2017,1,15,0,1,1,6/1/2022,0,0,2,0,6,0,0,0,S80,,2023-01-17T16:26:34.521Z,2023-01-17T16:26:34.521Z,,,,"PO BOX 5358, BALTIMORE, MD 21209-0358",N/A,N/A
116,0,460889783,460889783,ELEV8 BALTIMORE INC,% ALEXANDRIA WARRICK ADAMS,844 ROUNDVIEW RD,BALTIMORE,MD,21225,3,3,2000,7/1/2019,1,15,0,1,1,6/1/2021,4,6,1,0,6,263714,1022479,1022479,B80,,2023-01-17T16:23:07.520Z,2023-01-17T16:23:07.520Z,,,,"844 ROUNDVIEW RD, BALTIMORE, MD 21225-1433",39.24673065,-76.6245674
118,0,465111665,465111665,GREATER BALTIMORE ASHI,% INCORP SERVICES INC,527 WINDWOOD RD,BALTIMORE,MD,21212,6,3,2000,8/1/2014,2,0,0,1,1,6/1/2020,0,0,2,0,6,0,0,0,J03,,2023-01-17T16:23:28.624Z,2023-01-17T16:23:28.624Z,,,,"527 WINDWOOD RD, BALTIMORE, MD 21212-2108",39.37373095,-76.60653083
122,0,850771143,850771143,PARITY BALTIMORE INCORPORATED,% PARITY BALTIMORE INCORPORATED,1014 W 36TH ST UNIT 96,BALTIMORE,MD,21211,3,3,1000,2/1/2021,1,15,0,1,1,6/1/2021,4,4,1,0,6,358140,236651,236651,L25,,2023-01-17T16:27:28.550Z,2023-01-17T16:27:28.550Z,,,,"1014 W 36TH ST UNIT 96, BALTIMORE, MD 21211-2415",N/A,N/A
129,0,341976509,341976509,BALTIMORE AREA EVALUATORS INCORPORATED,% LESLIE GABAY-SWANSTON,814 NEWINGTON AVE,BALTIMORE,MD,21217,6,3,1000,8/1/2015,2,0,0,1,1,6/1/2021,0,0,2,0,6,0,0,0,S41,LYNCH CHRISTINA O,2023-01-17T16:20:28.586Z,2023-01-17T16:20:28.586Z,,,,"814 NEWINGTON AVE, BALTIMORE, MD 21217-4629",39.31377745,-76.63241783
130,0,815132657,815132657,BALTIMORE ARTS MOVEMENT INC,% CHRIS BRYAN,110 W SARATOGA ST APT 4,BALTIMORE,MD,21201,3,3,2000,2/1/2017,1,15,0,1,1,12/1/2021,0,0,2,0,12,0,0,0,A20,,2023-01-17T16:26:27.757Z,2023-01-17T16:26:27.757Z,,,,"110 W SARATOGA ST APT 4, BALTIMORE, MD 21201-3523",N/A,N/A
131,0,473356170,473356170,BALTIMORE BIKE PARTY INC,% KIMBERLY LILLIG,1700 W 41ST UNIT 480,BALTIMORE,MD,21211,3,3,1000,1/1/2016,1,16,0,1,1,12/1/2021,0,0,2,0,12,0,0,0,S20,,2023-01-17T16:23:51.876Z,2023-01-17T16:23:51.876Z,,,,"1700 W 41ST UNIT 480, BALTIMORE, MD 21211-1674",N/A,N/A
134,0,244158815,244158815,BALTIMORE CHILDRENS CHOIR INC,% SUSAN SCHNERING,3426 BANK ST,BALTIMORE,MD,21224,3,3,1200,3/1/2014,1,16,0,1,1,6/1/2022,0,0,2,0,6,0,0,0,A6B,,2023-01-17T16:18:38.766Z,2023-01-17T16:18:38.766Z,,,,"3426 BANK ST, BALTIMORE, MD 21224-2301",39.28786985,-76.56830317
136,0,812548875,812548875,BALTIMORE CITY ENGINEERING ALLIANCE,,100 KANE ST,BALTIMORE,MD,21224,3,3,2000,2/1/2017,1,15,0,1,1,6/1/2021,2,2,2,0,6,24893,12305,12305,B90,,2023-01-17T16:26:15.385Z,2023-01-17T16:26:15.385Z,,,,"100 KANE ST, BALTIMORE, MD 21224-1726",39.29249835,-76.53896685
137,0,262866357,262866357,BALTIMORE CLUB FOUNDATION INC,% DON BLUM,PO BOX 20393,BALTIMORE,MD,21284,3,3,1200,9/1/2009,1,16,0,1,1,10/1/2021,4,3,1,0,10,130318,55067,55067,P20,,2023-01-17T16:19:09.908Z,2023-01-17T16:19:09.908Z,,,,"PO BOX 20393, BALTIMORE, MD 21284-0393",N/A,N/A
140,0,522070055,522070055,BALTIMORE CONSERVATORY ASSOCIATION INC,% MARGAET H STANSBRURY,PO BOX 5668,BALTIMORE,MD,21210,3,3,1000,10/1/2020,1,15,994060000,1,1,12/1/2021,0,0,2,0,12,0,0,0,A11,,2023-01-17T16:24:31.728Z,2023-01-17T16:24:31.728Z,,,,"PO BOX 5668, BALTIMORE, MD 21210-0668",N/A,N/A
142,0,823736466,823736466,BALTIMORE CRIMSON TIDE INC,% KIMBERLY TOWNES,407 N STREEPER ST,BALTIMORE,MD,21224,3,3,1000,1/1/2018,1,15,0,1,1,12/1/2021,0,0,2,0,12,0,0,0,N65,,2023-01-17T16:26:43.420Z,2023-01-17T16:26:43.420Z,,,,"407 N STREEPER ST, BALTIMORE, MD 21224-1231",39.2962649,-76.57701399
144,0,451709541,451709541,BALTIMORE FIELD HOCKEY ASSOCIATION,,900 E FAYETTE STREET,BALTIMORE,MD,21203,3,3,1000,9/1/2016,1,16,0,5,1,12/1/2021,2,3,2,0,12,10503,32654,32654,N60,BFHA -BALTIMORE FIELD HOCKEY ASSOC,2023-01-17T16:22:51.147Z,2023-01-17T16:22:51.147Z,,,,"900 E FAYETTE STREET, BALTIMORE, MD 21203-7501",39.291285,-76.604569
149,0,463151875,463151875,BALTIMORE JEWELRY CENTER INC,,10 E NORTH AVE STE 130,BALTIMORE,MD,21202,3,3,1000,7/1/2014,1,16,0,1,1,6/1/2021,5,4,1,0,6,540955,441447,421242,P20,BALTIMORE JEWELRY CENTER,2023-01-17T16:23:17.851Z,2023-01-17T16:23:17.851Z,,,,"10 E NORTH AVE STE 130, BALTIMORE, MD 21202-4886",N/A,N/A
153,0,862247812,862247812,BALTIMORE REFORESTATION PROJECT INC,% CHRISTOPHER PALAZZI,2314 BOSTON ST,BALTIMORE,MD,21224,3,3,1000,7/1/2021,1,15,0,1,1,12/1/2021,0,0,2,0,12,0,0,0,C50,,2023-01-17T16:27:44.614Z,2023-01-17T16:27:44.614Z,,,,"2314 BOSTON ST, BALTIMORE, MD 21224-3601",39.28306215,-76.58399976
154,0,520703403,520703403,BALTIMORE RESCUE MISSION INC,,4 N CENTRAL AVE,BALTIMORE,MD,21202,3,3,1000,11/1/1980,1,15,5029000,1,1,12/1/2021,6,5,1,0,12,1096436,849328,849328,,,2023-01-17T16:24:15.073Z,2023-01-17T16:24:15.073Z,,,,"4 N CENTRAL AVE, BALTIMORE, MD 21202-4622",39.2918022,-76.59991253
155,0,412141303,412141303,BALTIMORE SCHOOL OF DIVINITY,% JOHN P CARTER,1411 GARDMAN AVE,BALTIMORE,MD,21209,3,3,1000,12/1/2007,1,11,0,1,1,6/1/2022,0,0,2,0,6,0,0,0,B99,,2023-01-17T16:22:24.553Z,2023-01-17T16:22:24.553Z,,,,"1411 GARDMAN AVE, BALTIMORE, MD 21209-2122",39.3805191,-76.654133
158,0,264031411,264031411,BALTIMORE TREE TRUST INC,% ALEX G FISHER,2631 SISSON ST,BALTIMORE,MD,21211,3,3,1000,2/1/2009,1,15,0,1,1,12/1/2021,6,6,1,0,12,1050973,1490236,1490236,C30,,2023-01-17T16:19:15.616Z,2023-01-17T16:19:15.616Z,,,,"2631 SISSON ST, BALTIMORE, MD 21211-3119",39.3182365,-76.6240602
159,0,261195819,261195819,BALTIMORE YOUTH BASEBALL ASSOCIATION,% MUSTANGS TRAVEL BASEBALL,PO BOX 243,BALTIMORE,OH,43105,3,3,2000,3/1/2018,1,16,0,2,1,12/1/2021,0,0,2,0,12,0,0,0,N63,MUSTANGS TRAVEL BASEBALL,2023-01-17T16:19:01.251Z,2023-01-17T16:19:01.251Z,,,,"PO BOX 243, BALTIMORE, OH 43105-0243",N/A,N/A
163,0,260010594,260010594,GREATER BALTIMORE CULTURAL ALLIANCE,% JEANNIE HOWE,120 W NORTH AVE STE 305,BALTIMORE,MD,21201,3,3,1000,9/1/2002,1,15,0,1,1,12/1/2021,5,5,1,0,12,611820,867226,867226,A99,,2023-01-17T16:18:56.963Z,2023-01-17T16:18:56.963Z,,,,"120 W NORTH AVE STE 305, BALTIMORE, MD 21201-5833",N/A,N/A
169,0,521636425,521636425,REBUILDING TOGETHER BALTIMORE INC,,5820 YORK RD STE T300,BALTIMORE,MD,21212,3,3,1000,10/1/1989,1,15,399000000,1,1,9/1/2021,6,6,1,0,9,1069101,1810219,1810219,L82Z,,2023-01-17T16:24:24.816Z,2023-01-17T16:24:24.816Z,,,,"5820 YORK RD STE T300, BALTIMORE, MD 21212-3622",N/A,N/A
170,0,204056839,204056839,SKATEPARK OF BALTIMORE INC,% DIANA PHILIP,PO BOX 50001,BALTIMORE,MD,21211,3,3,1200,10/1/2006,1,15,0,1,1,12/1/2021,0,0,2,0,12,0,0,0,N32,,2023-01-17T16:17:14.089Z,2023-01-17T16:17:14.089Z,,,,"PO BOX 50001, BALTIMORE, MD 21211-4001",N/A,N/A
171,0,863225205,863225205,SOUTH BALTIMORE UNITED INC,,145 W OSTEND ST STE 600,BALTIMORE,MD,21230,3,3,1000,8/1/2021,1,15,0,1,1,12/1/2021,0,0,2,0,12,0,0,0,A99,,2023-01-17T16:27:46.999Z,2023-01-17T16:27:46.999Z,,,,"145 W OSTEND ST STE 600, BALTIMORE, MD 21230-3774",N/A,N/A
179,0,237105896,237105896,BALTIMORE BAR FOUNDATION INC,,111 N CALVERT ST STE 627,BALTIMORE,MD,21202,3,3,1230,3/1/1971,1,15,59602120,1,1,6/1/2021,4,4,1,0,6,480206,441361,416293,I128,,2023-01-17T16:18:09.270Z,2023-01-17T16:18:09.270Z,,,,"111 N CALVERT ST STE 627, BALTIMORE, MD 21202-1917",N/A,N/A
190,0,273478333,273478333,BALTIMORE GREEN CURRENCY ASSOCIATION,,3728 ELM AVE,BALTIMORE,MD,21211,3,3,1000,12/1/2014,1,15,0,1,1,12/1/2020,0,0,2,0,12,0,0,0,S31,,2023-01-17T16:19:31.270Z,2023-01-17T16:19:31.270Z,,,,"3728 ELM AVE, BALTIMORE, MD 21211-2206",39.33375175,-76.63164405
193,0,201351162,201351162,BALTIMORE JAZZ ALLIANCE INCORPORATED,% BARRY S GLASSMAN,3000 HOMEWOOD AVENUE,BALTIMORE,MD,21218,3,3,1000,3/1/2012,1,15,0,1,1,6/1/2022,0,0,2,0,6,0,0,0,A68,,2023-01-17T16:17:02.988Z,2023-01-17T16:17:02.988Z,,,,"3000 HOMEWOOD AVENUE, BALTIMORE, MD 21218-7500",39.32293275,-76.60072371
194,0,520634742,520634742,BALTIMORE MARITIME EXCHANGE INC,,3720 DILLON ST,BALTIMORE,MD,21224,6,3,2000,4/1/1956,2,0,279200000,1,1,12/1/2021,5,4,1,0,12,527416,366510,355604,,,2023-01-17T16:24:14.577Z,2023-01-17T16:24:14.577Z,,,,"3720 DILLON ST, BALTIMORE, MD 21224-5202",39.28183135,-76.56517545
195,0,851085205,851085205,BALTIMORE OLIVER COMMUNITY ASSOCIATION,,1400 E FEDERAL ST,BALTIMORE,MD,21213,3,3,1000,6/1/2020,1,15,0,5,1,7/1/2022,0,0,2,0,7,0,0,0,S22,,2023-01-17T16:27:29.946Z,2023-01-17T16:27:29.946Z,,,,"1400 E FEDERAL ST, BALTIMORE, MD 21213-2809",39.30880315,-76.59960587
196,0,453795435,453795435,BALTIMORE OPEN THEATRE INC,% JULIANNE FRANZ,5021 ROLAND AVE 1ST FL,BALTIMORE,MD,21210,3,3,1200,2/1/2012,1,15,0,1,1,6/1/2018,0,0,2,0,6,0,0,0,A6,BALTIMORE OPEN THEATRE,2022-02-10T16:06:53.128Z,2022-02-10T16:06:53.128Z,pre_2022_03_18,,,"5021 ROLAND AVE 1ST FL, BALTIMORE, MD 21210-2220",N/A,N/A
197,0,844950493,844950493,BALTIMORE ORCHARD PROJECT INC,% DEBORAH S HOWARD,3127 GUILFORD AVE,BALTIMORE,MD,21218,3,3,1200,8/1/2020,1,15,0,1,1,12/1/2020,0,0,2,0,12,0,0,0,,,2023-01-17T16:27:25.769Z,2023-01-17T16:27:25.769Z,,,,"3127 GUILFORD AVE, BALTIMORE, MD 21218-3420",39.32672895,-76.61317627
201,0,460738285,460738285,BALTIMORE UNDERGROUND SCIENCE SPACE,% THOMAS BURKETT,101 N HAVEN ST STE 105,BALTIMORE,MD,21224,3,3,2800,11/1/2015,1,16,0,1,1,12/1/2021,4,4,1,0,12,100638,202106,202106,B28,,2023-01-17T16:23:07.036Z,2023-01-17T16:23:07.036Z,,,,"101 N HAVEN ST STE 105, BALTIMORE, MD 21224-1635",N/A,N/A
204,0,352402420,352402420,CASA BALTIMORE-LIMAY INC,% CAROL BERMAN,1302 MERIDENE DR,BALTIMORE,MD,21239,3,3,1000,11/1/2012,1,15,0,1,1,12/1/2021,0,0,2,0,12,0,0,0,Q33,CASA BALTIMORE-LIMAY,2023-01-17T16:20:42.939Z,2023-01-17T16:20:42.939Z,,,,"1302 MERIDENE DR, BALTIMORE, MD 21239-2025",39.3686755,-76.58913905
205,0,474239959,474239959,EAST BALTIMORE HISTORICAL LIBRARY,% NIA REDMOND,1425 N DECKER AVE,BALTIMORE,MD,21213,3,3,1200,5/1/2016,1,15,0,1,1,12/1/2021,3,1,2,0,12,26876,4400,4400,S20,,2023-01-17T16:23:55.502Z,2023-01-17T16:23:55.502Z,,,,"1425 N DECKER AVE, BALTIMORE, MD 21213-3901",39.3079972,-76.5745944
211,0,204465333,204465333,GREATER BALTIMORE HISTORY ALLIANCEINC,% HEIDI GLATFELTER,1524 HOLLINS ST,BALTIMORE,MD,21223,3,3,1200,6/1/2006,1,15,0,1,1,12/1/2020,0,0,2,0,12,0,0,0,A80,,2023-01-17T16:17:15.571Z,2023-01-17T16:17:15.571Z,,,,"1524 HOLLINS ST, BALTIMORE, MD 21223-2418",39.28755435,-76.64184801
215,0,841752739,841752739,KEYS IN BALTIMORE INC,,2223 ANNAPOLIS RD,BALTIMORE,MD,21230,3,3,1000,6/1/2019,1,15,0,1,1,12/1/2019,0,1,2,0,12,0,8785,0,L20,,2023-01-17T16:27:08.862Z,2023-01-17T16:27:08.862Z,,,,"2223 ANNAPOLIS RD, BALTIMORE, MD 21230-3113",39.26361335,-76.63334847
217,0,861348645,861348645,MICAH FORUM BALTIMORE INC,,829 E BELVEDERE AVE,BALTIMORE,MD,21212,3,3,1237,4/1/2021,1,15,0,1,1,12/1/2021,0,0,2,0,12,0,0,0,X99,,2023-01-17T16:27:42.267Z,2023-01-17T16:27:42.267Z,,,,"829 E BELVEDERE AVE, BALTIMORE, MD 21212-3723",39.36160675,-76.60374715
219,0,521301154,521301154,NAMI METROPOLITAN BALTIMORE INC,,2601 N HOWARD ST STE 130,BALTIMORE,MD,21218,3,3,1200,10/1/1983,1,15,166000000,1,1,6/1/2021,4,5,1,0,6,418549,682477,677429,F80Z,NAMI METROPOLITAN BALTIMORE INC,2023-01-17T16:24:21.241Z,2023-01-17T16:24:21.241Z,,,,"2601 N HOWARD ST STE 130, BALTIMORE, MD 21218-4964",N/A,N/A
225,0,521189136,521189136,PRIDE OF BALTIMORE INC,% PAULA BELLETIERE,1240 KEY HWY,BALTIMORE,MD,21230,3,3,1000,9/1/1981,1,15,119000000,1,1,12/1/2021,6,6,1,0,12,1423944,1215074,1205978,,,2023-01-17T16:24:18.941Z,2023-01-17T16:24:18.941Z,,,,"1240 KEY HWY, BALTIMORE, MD 21230-4329",39.275445,-76.60632824
226,0,521020690,521020690,SOUTH BALTIMORE CAP INCORPORATED,,1435 S HANOVER ST,BALTIMORE,MD,21230,3,3,1000,5/1/1976,1,15,573000000,1,1,6/1/2018,4,4,1,0,6,157149,267069,267069,F22Z,,2022-02-10T16:08:03.235Z,2022-02-10T16:08:03.235Z,pre_2022_03_18,,,"1435 S HANOVER ST, BALTIMORE, MD 21230-4438",39.2727893,-76.61506265
230,0,263326310,263326310,TOGOLESE ASSOCIATION OF BALTIMORE,,4631 HAZELWOOD AVE,BALTIMORE,MD,21206,3,3,1200,4/1/2015,1,15,0,1,1,12/1/2021,0,0,2,0,12,0,0,0,A23,,2023-01-17T16:19:12.012Z,2023-01-17T16:19:12.012Z,,,,"4631 HAZELWOOD AVE, BALTIMORE, MD 21206-2813",39.3411304,-76.53558437
231,0,521512614,521512614,AIDS ACTION BALTIMORE INC,,14 E EAGER ST APT 1A,BALTIMORE,MD,21202,3,3,1000,10/1/1987,1,15,531000000,1,1,12/1/2021,4,4,1,0,12,305870,351658,351658,G81Z,,2023-01-17T16:24:23.867Z,2023-01-17T16:24:23.867Z,,,,"14 E EAGER ST APT 1A, BALTIMORE, MD 21202-5033",N/A,N/A
234,0,521453400,521453400,BALTIMORE ARCHITECTURE FOUNDATION INC,,100 N CHARLES ST STE P101,BALTIMORE,MD,21201,3,3,2000,8/1/1986,1,15,123062000,1,1,12/1/2021,4,3,1,0,12,146283,84230,84002,,,2023-01-17T16:24:23.316Z,2023-01-17T16:24:23.316Z,,,,"100 N CHARLES ST STE P101, BALTIMORE, MD 21201-3839",N/A,N/A
237,0,521344945,521344945,BALTIMORE BIKUR CHOLIM INC,% PINCHAS A RABINOWITZ,2833 SMITH AVE 242,BALTIMORE,MD,21209,3,3,1000,5/1/1984,1,15,179000000,1,1,12/1/2021,5,5,1,0,12,774706,705165,666602,,,2023-01-17T16:24:22.139Z,2023-01-17T16:24:22.139Z,,,,"2833 SMITH AVE 242, BALTIMORE, MD 21209-1426",N/A,N/A
239,0,454034809,454034809,BALTIMORE CEMETERY ASSOCIATION INC,% ROLAND T BURKE III,2500 E NORTH AVE,BALTIMORE,MD,21213,13,3,1000,2/1/2013,1,0,0,1,1,12/1/2021,5,5,1,0,12,672800,547475,539228,Y50,BALTIMORE CEMETERY,2023-01-17T16:22:58.117Z,2023-01-17T16:22:58.117Z,,,,"2500 E NORTH AVE, BALTIMORE, MD 21213-1519",39.31273153,-76.58271637
243,0,823675340,823675340,BALTIMORE COMMUNITY BUILDERS INC,,801 KEY HWY,BALTIMORE,MD,21230,3,3,1200,4/1/2018,1,15,0,1,1,12/1/2021,0,0,2,0,12,0,0,0,J22,,2023-01-17T16:26:43.200Z,2023-01-17T16:26:43.200Z,,,,"801 KEY HWY, BALTIMORE, MD 21230-3976",39.280178,-76.606376
245,0,465671021,465671021,BALTIMORE CRIME ANALYTICS INC,,25 HOOKS LN STE 312,BALTIMORE,MD,21208,3,3,1200,11/1/2015,1,15,0,1,1,12/1/2018,0,0,2,0,12,0,0,0,I02,,2020-08-20T23:23:49.336Z,2020-08-20T23:23:49.336Z,pre_2020_09_15,,,"25 HOOKS LN STE 312, BALTIMORE, MD 21208-1620",N/A,N/A
248,0,521694523,521694523,BALTIMORE HEALTHY START INC,,610 N CHESTER ST,BALTIMORE,MD,21205,3,3,1000,8/1/1990,1,15,179000000,1,1,6/1/2021,5,6,1,0,6,809720,2493041,2493041,,,2023-01-17T16:24:25.319Z,2023-01-17T16:24:25.319Z,,,,"610 N CHESTER ST, BALTIMORE, MD 21205-2303",39.29791665,-76.5880208
249,0,311808725,311808725,BALTIMORE HOSPITAL TWIG 6,% RUTH A BIBLER,2175 GIESY RD NW,BALTIMORE,OH,43105,3,3,1000,7/1/2003,1,16,0,5,1,12/1/2021,0,0,2,0,12,0,0,0,E11,,2023-01-17T16:20:06.170Z,2023-01-17T16:20:06.170Z,,,,"2175 GIESY RD NW, BALTIMORE, OH 43105-9438",N/A,N/A
251,0,204726681,204726681,BALTIMORE INTERNATIONAL ACADEMY INC,% KONA-FACIA NEPAY,5434 HARFORD RD,BALTIMORE,MD,21214,3,0,2000,12/1/2007,1,11,0,1,1,6/1/2021,6,7,1,0,6,2786381,9080666,9080666,,,2023-01-17T16:17:16.388Z,2023-01-17T16:17:16.388Z,,,,"5434 HARFORD RD, BALTIMORE, MD 21214-2215",39.3521234,-76.5619348
252,0,521912836,521912836,BALTIMORE JEWISH COUNCIL INC,,5750 PARK HEIGHTS AVE,BALTIMORE,MD,21215,3,3,1000,12/1/1995,1,15,994430000,1,1,6/1/2021,4,6,1,0,6,428440,1261185,1261185,B80,,2023-01-17T16:24:29.187Z,2023-01-17T16:24:29.187Z,,,,"5750 PARK HEIGHTS AVE, BALTIMORE, MD 21215-3930",39.35348944,-76.68626226
256,0,300834367,300834367,BALTIMORE MARINE VETERANS INC,% JACK COLLERAN,1426 E FORT AVE,BALTIMORE,MD,21230,3,3,1000,7/1/2022,1,16,0,1,1,12/1/2021,0,0,2,0,12,0,0,0,W30,,2023-01-17T16:19:44.601Z,2023-01-17T16:19:44.601Z,,,,"1426 E FORT AVE, BALTIMORE, MD 21230-5247",39.2694019,-76.59412971
260,0,521189578,521189578,BALTIMORE OPERATION SAIL LTD,% RONALD BANASZ/LAURA STEV,3720 DILLON ST,BALTIMORE,MD,21224,3,3,1200,7/1/1975,1,15,64119000,1,1,12/1/2021,3,3,2,0,12,64861,30471,30471,N67Z,,2023-01-17T16:24:18.941Z,2023-01-17T16:24:18.941Z,,,,"3720 DILLON ST, BALTIMORE, MD 21224-5202",39.28183135,-76.56517545
261,0,237360551,237360551,BALTIMORE PARKING ASSOCIATION INC,% BENJAMIN K GREENWALD,300 E LOMBARD ST STE 630,BALTIMORE,MD,21202,6,3,2000,4/1/2014,2,0,123205000,1,1,12/1/2021,0,0,2,0,12,0,0,0,S41,,2023-01-17T16:18:24.737Z,2023-01-17T16:18:24.737Z,,,,"300 E LOMBARD ST STE 630, BALTIMORE, MD 21202-3227",N/A,N/A
266,0,463220672,463220672,BALTIMORE TRANSIT CAMPAIGN INC,% ROBIN BUDISH,516 N CHARLES ST STE 312,BALTIMORE,MD,21201,3,3,1000,8/1/2014,1,15,0,1,1,12/1/2021,2,3,1,0,12,21833,50170,50170,W40,,2023-01-17T16:23:18.199Z,2023-01-17T16:23:18.199Z,,,,"516 N CHARLES ST STE 312, BALTIMORE, MD 21201-5051",N/A,N/A
269,0,520238400,520238400,BALTIMORE YACHT CLUB INC,% ROBIN URBANSKI / LOLA,800 BALTIMORE YACHT CLUB RD,BALTIMORE,MD,21221,7,3,1000,4/1/1946,2,0,280000000,1,1,9/1/2021,5,6,1,0,9,864363,2124082,1427393,,,2023-01-17T16:24:13.557Z,2023-01-17T16:24:13.557Z,,,,"800 BALTIMORE YACHT CLUB RD, BALTIMORE, MD 21221-2051",39.28793045,-76.39624427
270,0,470870596,470870596,BLAQ EQUITY BALTIMORE INC,% CARLTON SMITH,920 E 37TH ST,BALTIMORE,MD,21218,3,3,1000,10/1/2011,1,15,0,1,1,12/1/2020,3,3,2,0,12,37665,33000,33000,R26,CENTER FOR BLACK EQUITY-BALTIMORE,2023-01-17T16:23:37.840Z,2023-01-17T16:23:37.840Z,,,,"920 E 37TH ST, BALTIMORE, MD 21218-2014",39.3335293,-76.60347578
271,0,510668738,510668738,CHAVERIM OF BALTIMORE INC,% DAVID KNOPF,2705 MAURLEEN CT,BALTIMORE,MD,21209,3,3,1000,9/1/2008,1,15,0,1,1,6/1/2020,0,0,2,0,6,0,0,0,P61,,2023-01-17T16:24:13.126Z,2023-01-17T16:24:13.126Z,,,,"2705 MAURLEEN CT, BALTIMORE, MD 21209-1418",39.3774419,-76.68901862
272,0,311480933,311480933,CHILDRENS SCHOLARSHIP FUND BALTIMORE,,PO BOX 5282,BALTIMORE,MD,21224,3,3,1200,1/1/1997,1,15,994040000,1,1,6/1/2021,6,5,1,0,6,1296586,951664,951664,B82,,2023-01-17T16:20:00.523Z,2023-01-17T16:20:00.523Z,,,,"PO BOX 5282, BALTIMORE, MD 21224-0282",N/A,N/A
276,0,822144582,822144582,FREE FOR ALL BALTIMORE,,5210 BIDDISON LN,BALTIMORE,MD,21206,3,3,1200,7/1/2017,1,15,0,1,1,12/1/2020,0,0,2,0,12,0,0,0,P30,,2023-01-17T16:26:35.946Z,2023-01-17T16:26:35.946Z,,,,"5210 BIDDISON LN, BALTIMORE, MD 21206-4150",39.34098,-76.556631
286,0,526011001,526011001,TRAFFIC CLUB OF BALTIMORE,,2200 BROENING HWY STE 105,BALTIMORE,MD,21224,6,3,2000,1/1/1986,2,0,205040000,1,1,12/1/2021,3,3,2,0,12,38057,25301,703,,,2023-01-17T16:24:35.420Z,2023-01-17T16:24:35.420Z,,,,"2200 BROENING HWY STE 105, BALTIMORE, MD 21224-6613",N/A,N/A
295,0,521356846,521356846,BALTIMORE CHAMBER ORCHESTRA INC,,11 W MOUNT VERNON PL,BALTIMORE,MD,21201,3,3,1200,9/1/1984,1,16,90000000,1,1,6/1/2021,4,4,1,0,6,133851,217663,187736,A69Z,,2023-01-17T16:24:22.316Z,2023-01-17T16:24:22.316Z,,,,"11 W MOUNT VERNON PL, BALTIMORE, MD 21201-5103",39.2971603,-76.6166256
296,0,526054521,526054521,BALTIMORE CITY DENTAL SOCIETY,% JOHN TAYLOR,1023 N CHARLES STREET,BALTIMORE,MD,21201,6,3,1000,12/1/1953,2,0,59205000,5,1,12/1/2021,0,0,2,0,12,0,0,0,,,2023-01-17T16:24:36.474Z,2023-01-17T16:24:36.474Z,,,,"1023 N CHARLES STREET, BALTIMORE, MD 21201-5410",39.3019346,-76.6158009
300,0,520634742,520634742,BALTIMORE MARITIME EXCHANGE INC,,3720 DILLON ST,BALTIMORE,MD,21224,6,3,2000,4/1/1956,2,0,279200000,1,1,12/1/2021,5,4,1,0,12,527416,366510,355604,,,2023-01-17T16:24:14.577Z,2023-01-17T16:24:14.577Z,,,,"3720 DILLON ST, BALTIMORE, MD 21224-5202",39.28183135,-76.56517545
301,0,851085205,851085205,BALTIMORE OLIVER COMMUNITY ASSOCIATION,,1400 E FEDERAL ST,BALTIMORE,MD,21213,3,3,1000,6/1/2020,1,15,0,5,1,7/1/2022,0,0,2,0,7,0,0,0,S22,,2023-01-17T16:27:29.946Z,2023-01-17T16:27:29.946Z,,,,"1400 E FEDERAL ST, BALTIMORE, MD 21213-2809",39.30880315,-76.59960587
302,0,453795435,453795435,BALTIMORE OPEN THEATRE INC,% JULIANNE FRANZ,5021 ROLAND AVE 1ST FL,BALTIMORE,MD,21210,3,3,1200,2/1/2012,1,15,0,1,1,6/1/2018,0,0,2,0,6,0,0,0,A6,BALTIMORE OPEN THEATRE,2022-02-10T16:06:53.128Z,2022-02-10T16:06:53.128Z,pre_2022_03_18,,,"5021 ROLAND AVE 1ST FL, BALTIMORE, MD 21210-2220",N/A,N/A
303,0,844950493,844950493,BALTIMORE ORCHARD PROJECT INC,% DEBORAH S HOWARD,3127 GUILFORD AVE,BALTIMORE,MD,21218,3,3,1200,8/1/2020,1,15,0,1,1,12/1/2020,0,0,2,0,12,0,0,0,,,2023-01-17T16:27:25.769Z,2023-01-17T16:27:25.769Z,,,,"3127 GUILFORD AVE, BALTIMORE, MD 21218-3420",39.32672895,-76.61317627
307,0,460738285,460738285,BALTIMORE UNDERGROUND SCIENCE SPACE,% THOMAS BURKETT,101 N HAVEN ST STE 105,BALTIMORE,MD,21224,3,3,2800,11/1/2015,1,16,0,1,1,12/1/2021,4,4,1,0,12,100638,202106,202106,B28,,2023-01-17T16:23:07.036Z,2023-01-17T16:23:07.036Z,,,,"101 N HAVEN ST STE 105, BALTIMORE, MD 21224-1635",N/A,N/A
310,0,352402420,352402420,CASA BALTIMORE-LIMAY INC,% CAROL BERMAN,1302 MERIDENE DR,BALTIMORE,MD,21239,3,3,1000,11/1/2012,1,15,0,1,1,12/1/2021,0,0,2,0,12,0,0,0,Q33,CASA BALTIMORE-LIMAY,2023-01-17T16:20:42.939Z,2023-01-17T16:20:42.939Z,,,,"1302 MERIDENE DR, BALTIMORE, MD 21239-2025",39.3686755,-76.58913905
311,0,474239959,474239959,EAST BALTIMORE HISTORICAL LIBRARY,% NIA REDMOND,1425 N DECKER AVE,BALTIMORE,MD,21213,3,3,1200,5/1/2016,1,15,0,1,1,12/1/2021,3,1,2,0,12,26876,4400,4400,S20,,2023-01-17T16:23:55.502Z,2023-01-17T16:23:55.502Z,,,,"1425 N DECKER AVE, BALTIMORE, MD 21213-3901",39.3079972,-76.5745944
317,0,204465333,204465333,GREATER BALTIMORE HISTORY ALLIANCEINC,% HEIDI GLATFELTER,1524 HOLLINS ST,BALTIMORE,MD,21223,3,3,1200,6/1/2006,1,15,0,1,1,12/1/2020,0,0,2,0,12,0,0,0,A80,,2023-01-17T16:17:15.571Z,2023-01-17T16:17:15.571Z,,,,"1524 HOLLINS ST, BALTIMORE, MD 21223-2418",39.28755435,-76.64184801
321,0,841752739,841752739,KEYS IN BALTIMORE INC,,2223 ANNAPOLIS RD,BALTIMORE,MD,21230,3,3,1000,6/1/2019,1,15,0,1,1,12/1/2019,0,1,2,0,12,0,8785,0,L20,,2023-01-17T16:27:08.862Z,2023-01-17T16:27:08.862Z,,,,"2223 ANNAPOLIS RD, BALTIMORE, MD 21230-3113",39.26361335,-76.63334847
323,0,861348645,861348645,MICAH FORUM BALTIMORE INC,,829 E BELVEDERE AVE,BALTIMORE,MD,21212,3,3,1237,4/1/2021,1,15,0,1,1,12/1/2021,0,0,2,0,12,0,0,0,X99,,2023-01-17T16:27:42.267Z,2023-01-17T16:27:42.267Z,,,,"829 E BELVEDERE AVE, BALTIMORE, MD 21212-3723",39.36160675,-76.60374715
325,0,521301154,521301154,NAMI METROPOLITAN BALTIMORE INC,,2601 N HOWARD ST STE 130,BALTIMORE,MD,21218,3,3,1200,10/1/1983,1,15,166000000,1,1,6/1/2021,4,5,1,0,6,418549,682477,677429,F80Z,NAMI METROPOLITAN BALTIMORE INC,2023-01-17T16:24:21.241Z,2023-01-17T16:24:21.241Z,,,,"2601 N HOWARD ST STE 130, BALTIMORE, MD 21218-4964",N/A,N/A
331,0,521189136,521189136,PRIDE OF BALTIMORE INC,% PAULA BELLETIERE,1240 KEY HWY,BALTIMORE,MD,21230,3,3,1000,9/1/1981,1,15,119000000,1,1,12/1/2021,6,6,1,0,12,1423944,1215074,1205978,,,2023-01-17T16:24:18.941Z,2023-01-17T16:24:18.941Z,,,,"1240 KEY HWY, BALTIMORE, MD 21230-4329",39.275445,-76.60632824
332,0,521020690,521020690,SOUTH BALTIMORE CAP INCORPORATED,,1435 S HANOVER ST,BALTIMORE,MD,21230,3,3,1000,5/1/1976,1,15,573000000,1,1,6/1/2018,4,4,1,0,6,157149,267069,267069,F22Z,,2022-02-10T16:08:03.235Z,2022-02-10T16:08:03.235Z,pre_2022_03_18,,,"1435 S HANOVER ST, BALTIMORE, MD 21230-4438",39.2727893,-76.61506265
336,0,263326310,263326310,TOGOLESE ASSOCIATION OF BALTIMORE,,4631 HAZELWOOD AVE,BALTIMORE,MD,21206,3,3,1200,4/1/2015,1,15,0,1,1,12/1/2021,0,0,2,0,12,0,0,0,A23,,2023-01-17T16:19:12.012Z,2023-01-17T16:19:12.012Z,,,,"4631 HAZELWOOD AVE, BALTIMORE, MD 21206-2813",39.3411304,-76.53558437
341,0,341976509,341976509,BALTIMORE AREA EVALUATORS INCORPORATED,% LESLIE GABAY-SWANSTON,814 NEWINGTON AVE,BALTIMORE,MD,21217,6,3,1000,8/1/2015,2,0,0,1,1,6/1/2021,0,0,2,0,6,0,0,0,S41,LYNCH CHRISTINA O,2023-01-17T16:20:28.586Z,2023-01-17T16:20:28.586Z,,,,"814 NEWINGTON AVE, BALTIMORE, MD 21217-4629",39.31377745,-76.63241783
342,0,815132657,815132657,BALTIMORE ARTS MOVEMENT INC,% CHRIS BRYAN,110 W SARATOGA ST APT 4,BALTIMORE,MD,21201,3,3,2000,2/1/2017,1,15,0,1,1,12/1/2021,0,0,2,0,12,0,0,0,A20,,2023-01-17T16:26:27.757Z,2023-01-17T16:26:27.757Z,,,,"110 W SARATOGA ST APT 4, BALTIMORE, MD 21201-3523",N/A,N/A
343,0,473356170,473356170,BALTIMORE BIKE PARTY INC,% KIMBERLY LILLIG,1700 W 41ST UNIT 480,BALTIMORE,MD,21211,3,3,1000,1/1/2016,1,16,0,1,1,12/1/2021,0,0,2,0,12,0,0,0,S20,,2023-01-17T16:23:51.876Z,2023-01-17T16:23:51.876Z,,,,"1700 W 41ST UNIT 480, BALTIMORE, MD 21211-1674",N/A,N/A
346,0,244158815,244158815,BALTIMORE CHILDRENS CHOIR INC,% SUSAN SCHNERING,3426 BANK ST,BALTIMORE,MD,21224,3,3,1200,3/1/2014,1,16,0,1,1,6/1/2022,0,0,2,0,6,0,0,0,A6B,,2023-01-17T16:18:38.766Z,2023-01-17T16:18:38.766Z,,,,"3426 BANK ST, BALTIMORE, MD 21224-2301",39.28786985,-76.56830317
348,0,812548875,812548875,BALTIMORE CITY ENGINEERING ALLIANCE,,100 KANE ST,BALTIMORE,MD,21224,3,3,2000,2/1/2017,1,15,0,1,1,6/1/2021,2,2,2,0,6,24893,12305,12305,B90,,2023-01-17T16:26:15.385Z,2023-01-17T16:26:15.385Z,,,,"100 KANE ST, BALTIMORE, MD 21224-1726",39.29249835,-76.53896685
349,0,262866357,262866357,BALTIMORE CLUB FOUNDATION INC,% DON BLUM,PO BOX 20393,BALTIMORE,MD,21284,3,3,1200,9/1/2009,1,16,0,1,1,10/1/2021,4,3,1,0,10,130318,55067,55067,P20,,2023-01-17T16:19:09.908Z,2023-01-17T16:19:09.908Z,,,,"PO BOX 20393, BALTIMORE, MD 21284-0393",N/A,N/A
352,0,522070055,522070055,BALTIMORE CONSERVATORY ASSOCIATION INC,% MARGAET H STANSBRURY,PO BOX 5668,BALTIMORE,MD,21210,3,3,1000,10/1/2020,1,15,994060000,1,1,12/1/2021,0,0,2,0,12,0,0,0,A11,,2023-01-17T16:24:31.728Z,2023-01-17T16:24:31.728Z,,,,"PO BOX 5668, BALTIMORE, MD 21210-0668",N/A,N/A
354,0,823736466,823736466,BALTIMORE CRIMSON TIDE INC,% KIMBERLY TOWNES,407 N STREEPER ST,BALTIMORE,MD,21224,3,3,1000,1/1/2018,1,15,0,1,1,12/1/2021,0,0,2,0,12,0,0,0,N65,,2023-01-17T16:26:43.420Z,2023-01-17T16:26:43.420Z,,,,"407 N STREEPER ST, BALTIMORE, MD 21224-1231",39.2962649,-76.57701399
356,0,451709541,451709541,BALTIMORE FIELD HOCKEY ASSOCIATION,,900 E FAYETTE STREET,BALTIMORE,MD,21203,3,3,1000,9/1/2016,1,16,0,5,1,12/1/2021,2,3,2,0,12,10503,32654,32654,N60,BFHA -BALTIMORE FIELD HOCKEY ASSOC,2023-01-17T16:22:51.147Z,2023-01-17T16:22:51.147Z,,,,"900 E FAYETTE STREET, BALTIMORE, MD 21203-7501",39.291285,-76.604569
361,0,463151875,463151875,BALTIMORE JEWELRY CENTER INC,,10 E NORTH AVE STE 130,BALTIMORE,MD,21202,3,3,1000,7/1/2014,1,16,0,1,1,6/1/2021,5,4,1,0,6,540955,441447,421242,P20,BALTIMORE JEWELRY CENTER,2023-01-17T16:23:17.851Z,2023-01-17T16:23:17.851Z,,,,"10 E NORTH AVE STE 130, BALTIMORE, MD 21202-4886",N/A,N/A
365,0,862247812,862247812,BALTIMORE REFORESTATION PROJECT INC,% CHRISTOPHER PALAZZI,2314 BOSTON ST,BALTIMORE,MD,21224,3,3,1000,7/1/2021,1,15,0,1,1,12/1/2021,0,0,2,0,12,0,0,0,C50,,2023-01-17T16:27:44.614Z,2023-01-17T16:27:44.614Z,,,,"2314 BOSTON ST, BALTIMORE, MD 21224-3601",39.28306215,-76.58399976
366,0,520703403,520703403,BALTIMORE RESCUE MISSION INC,,4 N CENTRAL AVE,BALTIMORE,MD,21202,3,3,1000,11/1/1980,1,15,5029000,1,1,12/1/2021,6,5,1,0,12,1096436,849328,849328,,,2023-01-17T16:24:15.073Z,2023-01-17T16:24:15.073Z,,,,"4 N CENTRAL AVE, BALTIMORE, MD 21202-4622",39.2918022,-76.59991253
367,0,412141303,412141303,BALTIMORE SCHOOL OF DIVINITY,% JOHN P CARTER,1411 GARDMAN AVE,BALTIMORE,MD,21209,3,3,1000,12/1/2007,1,11,0,1,1,6/1/2022,0,0,2,0,6,0,0,0,B99,,2023-01-17T16:22:24.553Z,2023-01-17T16:22:24.553Z,,,,"1411 GARDMAN AVE, BALTIMORE, MD 21209-2122",39.3805191,-76.654133
370,0,264031411,264031411,BALTIMORE TREE TRUST INC,% ALEX G FISHER,2631 SISSON ST,BALTIMORE,MD,21211,3,3,1000,2/1/2009,1,15,0,1,1,12/1/2021,6,6,1,0,12,1050973,1490236,1490236,C30,,2023-01-17T16:19:15.616Z,2023-01-17T16:19:15.616Z,,,,"2631 SISSON ST, BALTIMORE, MD 21211-3119",39.3182365,-76.6240602
371,0,261195819,261195819,BALTIMORE YOUTH BASEBALL ASSOCIATION,% MUSTANGS TRAVEL BASEBALL,PO BOX 243,BALTIMORE,OH,43105,3,3,2000,3/1/2018,1,16,0,2,1,12/1/2021,0,0,2,0,12,0,0,0,N63,MUSTANGS TRAVEL BASEBALL,2023-01-17T16:19:01.251Z,2023-01-17T16:19:01.251Z,,,,"PO BOX 243, BALTIMORE, OH 43105-0243",N/A,N/A
375,0,260010594,260010594,GREATER BALTIMORE CULTURAL ALLIANCE,% JEANNIE HOWE,120 W NORTH AVE STE 305,BALTIMORE,MD,21201,3,3,1000,9/1/2002,1,15,0,1,1,12/1/2021,5,5,1,0,12,611820,867226,867226,A99,,2023-01-17T16:18:56.963Z,2023-01-17T16:18:56.963Z,,,,"120 W NORTH AVE STE 305, BALTIMORE, MD 21201-5833",N/A,N/A
381,0,521636425,521636425,REBUILDING TOGETHER BALTIMORE INC,,5820 YORK RD STE T300,BALTIMORE,MD,21212,3,3,1000,10/1/1989,1,15,399000000,1,1,9/1/2021,6,6,1,0,9,1069101,1810219,1810219,L82Z,,2023-01-17T16:24:24.816Z,2023-01-17T16:24:24.816Z,,,,"5820 YORK RD STE T300, BALTIMORE, MD 21212-3622",N/A,N/A
382,0,204056839,204056839,SKATEPARK OF BALTIMORE INC,% DIANA PHILIP,PO BOX 50001,BALTIMORE,MD,21211,3,3,1200,10/1/2006,1,15,0,1,1,12/1/2021,0,0,2,0,12,0,0,0,N32,,2023-01-17T16:17:14.089Z,2023-01-17T16:17:14.089Z,,,,"PO BOX 50001, BALTIMORE, MD 21211-4001",N/A,N/A
383,0,863225205,863225205,SOUTH BALTIMORE UNITED INC,,145 W OSTEND ST STE 600,BALTIMORE,MD,21230,3,3,1000,8/1/2021,1,15,0,1,1,12/1/2021,0,0,2,0,12,0,0,0,A99,,2023-01-17T16:27:46.999Z,2023-01-17T16:27:46.999Z,,,,"145 W OSTEND ST STE 600, BALTIMORE, MD 21230-3774",N/A,N/A
390,0,43598368,43598368,BALTIMORE BOARD OF RABBIS INC,% DOBORAH WEEHSLER TREASURER,8501 ARBORWOOD RD,BALTIMORE,MD,21208,3,3,7000,3/1/2002,1,15,0,1,1,6/1/2020,0,0,2,0,6,0,0,0,X193,,2023-01-17T16:16:46.011Z,2023-01-17T16:16:46.011Z,,,,"8501 ARBORWOOD RD, BALTIMORE, MD 21208-1503",39.40516585,-76.71557959
391,0,521709541,521709541,BALTIMORE CANCER SUPPORT GROUP INC,% KATHY SYKES,7910 BELAIR RD,BALTIMORE,MD,21236,3,3,1200,5/1/1991,1,15,179000000,1,1,12/1/2021,0,0,2,0,12,0,0,0,E60Z,,2023-01-17T16:24:25.564Z,2023-01-17T16:24:25.564Z,,,,"7910 BELAIR RD, BALTIMORE, MD 21236-3706",39.3726936,-76.5115502
392,0,820538478,820538478,BALTIMORE COLLEGE TOWN NETWORK INC,% DEBRA RUBINO,PO BOX 11049,BALTIMORE,MD,21212,3,3,1000,10/1/2002,1,17,0,1,1,6/1/2021,5,5,1,0,6,639607,625074,625074,B90,,2023-01-17T16:26:29.466Z,2023-01-17T16:26:29.466Z,,,,"PO BOX 11049, BALTIMORE, MD 21212-0049",N/A,N/A
397,0,452429915,452429915,BALTIMORE HERITAGE AREA ASSOCIATION INC,% JEFFREY P BUCHHEIT,1524 HOLLINS ST,BALTIMORE,MD,21223,3,3,1200,7/1/2011,1,15,0,1,1,6/1/2021,4,5,1,0,6,376128,649204,649204,A80,BALTIMORE NATIONAL HERITAGE AREA,2023-01-17T16:22:52.395Z,2023-01-17T16:22:52.395Z,,,,"1524 HOLLINS ST, BALTIMORE, MD 21223-2418",39.28755435,-76.64184801
399,0,521089009,521089009,BALTIMORE MOREHOUSE ALUMNI ASSOC INC,,PO BOX 147,BALTIMORE,MD,21203,3,3,1000,5/1/2012,1,15,34040000,1,1,12/1/2021,0,0,2,0,12,0,0,0,B84,,2023-01-17T16:24:18.010Z,2023-01-17T16:24:18.010Z,,,,"PO BOX 147, BALTIMORE, MD 21203-0147",N/A,N/A
402,0,471406439,471406439,BALTIMORE ROCK OPERA SOCIETY INC,% DYLAN KOEHLER,3107 GREENMOUNT AVENUE STE 1ST FL,BALTIMORE,MD,21218,3,3,1000,3/1/2015,1,15,0,1,1,12/1/2021,4,4,1,0,12,130179,187881,187881,A68,,2023-01-17T16:23:40.866Z,2023-01-17T16:23:40.866Z,,,,"3107 GREENMOUNT AVENUE STE 1ST FL, BALTIMORE, MD 21218-3418",N/A,N/A
403,0,853581308,853581308,BALTIMORE SCORES IN STEM INC,% JOSEPH SELBA,ONE EAST PRATT ST,BALTIMORE,MD,21202,3,3,1000,2/1/2021,1,15,0,1,1,12/1/2021,0,0,2,0,12,0,0,0,B82,,2023-01-17T16:27:38.109Z,2023-01-17T16:27:38.109Z,,,,"ONE EAST PRATT ST, BALTIMORE, MD 21202-1128",39.28590065,-76.61418363
404,0,521708248,521708248,BALTIMORE URBAN LEADERSHIP FOUNDATION INC,,219 N CHESTER ST,BALTIMORE,MD,21231,3,3,1000,5/1/1991,1,15,402000000,1,1,9/1/2021,3,4,1,0,9,89799,139294,139294,P27Z,,2023-01-17T16:24:25.460Z,2023-01-17T16:24:25.460Z,,,,"219 N CHESTER ST, BALTIMORE, MD 21231-1302",39.29442245,-76.58748645
408,0,760785344,760785344,BON SECOURS BALTIMORE DEVELOPMENT INC,% KLEB GEORGE,26 N FULTON AVE,BALTIMORE,MD,21223,3,9,1700,3/1/1946,1,10,1150120,5,1,8/1/2021,0,0,6,0,8,0,0,0,,,2023-01-17T16:26:01.024Z,2023-01-17T16:26:01.024Z,,,,"26 N FULTON AVE, BALTIMORE, MD 21223-1624",39.28935035,-76.64552393
414,0,201756433,201756433,NORTH BALTIMORE WRESTLING CLUB INC,% ANDY SPAWN,4705 KESWICK RD,BALTIMORE,MD,21210,3,3,2000,2/1/2005,1,16,0,1,1,5/1/2022,0,0,2,0,5,0,0,0,N60,,2023-01-17T16:17:04.764Z,2023-01-17T16:17:04.764Z,,,,"4705 KESWICK RD, BALTIMORE, MD 21210-2322",39.34898515,-76.62993055
416,0,521295004,521295004,PUMPKIN THEATRE OF BALTIMORE INC,,6013 EUNICE AVE,BALTIMORE,MD,21214,3,3,1000,6/1/1983,1,16,88119000,1,1,6/1/2019,1,2,2,0,6,1546,10214,10214,A650,,2023-01-17T16:24:21.129Z,2023-01-17T16:24:21.129Z,,,,"6013 EUNICE AVE, BALTIMORE, MD 21214-1810",39.3567464,-76.55309334
419,0,521208789,521208789,SOUTH BALTIMORE BUSINESS ASSOCIATION INC,% HENRY SHOFER,1118 LIGHT ST STE B,BALTIMORE,MD,21230,6,3,2000,5/1/1982,2,0,200402000,1,1,3/1/2022,0,0,2,0,3,0,0,0,,,2023-01-17T16:24:19.203Z,2023-01-17T16:24:19.203Z,,,,"1118 LIGHT ST STE B, BALTIMORE, MD 21230-4132",N/A,N/A
425,0,825422846,825422846,WOMENS ADVOCACY COALITION BALTIMORE INC,,8326 OLD HARFORD RD,BALTIMORE,MD,21234,3,3,1000,8/1/2018,1,15,0,1,1,5/1/2021,0,0,2,0,5,0,0,0,,,2023-01-17T16:26:49.563Z,2023-01-17T16:26:49.563Z,,,,"8326 OLD HARFORD RD, BALTIMORE, MD 21234-4541",39.38470025,-76.54434989
437,0,813478235,813478235,BALTIMORE FLAMINGOS RUGBY FOOTBALL CLUB,% KEN- BMORE FLAMINGOS RUGBY CLUB,109 N PATTERSON PARK AVE,BALTIMORE,MD,21231,3,3,1000,1/1/2017,1,16,0,1,1,12/1/2021,0,0,2,0,12,0,0,0,N60,,2023-01-17T16:26:19.832Z,2023-01-17T16:26:19.832Z,,,,"109 N PATTERSON PARK AVE, BALTIMORE, MD 21231-1659",39.29332235,-76.58455528
439,0,462312665,462312665,BALTIMORE KIWANIS INCUBATOR FOUNDATION INC,% RICHARD J ALLEN,2120 TRED AVON RD,BALTIMORE,MD,21221,3,3,1000,8/1/2013,1,15,0,1,1,12/1/2019,0,0,2,0,12,0,0,0,E60,,2023-01-17T16:23:14.250Z,2023-01-17T16:23:14.250Z,,,,"2120 TRED AVON RD, BALTIMORE, MD 21221-1543",39.3133313,-76.42539499
